period,year,month,day,observation,flow_rate_m3_per_h,operating_hours,methane_fraction,oxidation_efficiency,electricity_use_mwh,grid_emission_factor_t_per_mwh
P01,2025,1,19,1,588.9076772705962,180.0,0.39009952366439204,0.9451072311602511,3.4249292535992852,0.5882485678254813
P01,2025,1,17,2,528.6084723415837,180.0,0.3575079163395633,0.9684695922196722,4.91429512464863,0.6161040506209162
P01,2025,1,15,3,552.5828692214951,180.0,0.33155226407853905,0.9738924355627072,4.668232573611538,0.6423075457109058
P01,2025,1,16,4,529.1817142180879,180.0,0.42285534719009893,0.9495611437751259,4.068207281117416,0.5906928218389018
P02,2025,2,15,1,511.0830940080547,180.0,0.42704089426427194,0.9676102896258026,4.774023077376097,0.69301448930806
P02,2025,2,9,2,477.63242655262786,180.0,0.37498571418217597,0.9483188102551761,4.860176377424398,0.6937189785475585
P02,2025,2,1,3,546.6343651314336,180.0,0.33231098111656937,0.9756923669690686,4.197627235453745,0.6430537541194351
P02,2025,2,12,4,590.7827667353334,180.0,0.3399376719305731,0.9224207597987739,4.545872834140173,0.6107431310207877
